13194,Batroc (2010),2010,2010,
15370,Battle Scars (2011 - 2012),2011,2012,
7601,Beta Ray Bill: Godhunter (2009),2009,2009,T
5694,Big Hero 6 (2008 - 2009),2008,2009,RATED A
5858,Big Hero Six Sketchbook (2008),2008,2008,
19335,Big Thunder Mountain Railroad (2015 - Present),2015,2099,All Ages
3753,Bishop: The Last X-Man (1999 - 2001),1999,2001,
17886,Black Bolt: Something Inhuman This Way Comes (2013 - Present),2013,2099,
20788,Black Knight (2015 - Present),2015,2099,Rated T+
6804,Black Panther (2008 - 2010),2008,2010,T
784,Black Panther (2005 - 2008),2005,2008,T
2115,Black Panther (1998 - 2003),1998,2003,
20912,Black Panther (2016 - Present),2016,2099,Rated T
1993,Black Panther (1977 - 1979),1977,1979,
6876,Black Panther Saga (2008),2008,2008,
15691,Black Panther: The Man Without Fear (2010 - 2011),2010,2011,
11665,Black Panther: The Most Dangerous Man Alive  (2010 - 2012),2010,2012,T+
20448,Black Widow (2016 - Present),2016,2099,Rated T+
1994,Black Widow (1999),1999,1999,
18138,Black Widow (2014 - Present),2014,2099,Rated T+
9706,Black Widow (2010),2010,2010,T
9120,Black Widow & the Marvel Girls (2009 - 2010),2009,2010,
9000,Black Widow: Deadly Origin (2009 - 2010),2009,2010,Rated T
1123,Blade (2006 - 2007),2006,2007,T
9916,Blockbusters of the Marvel Universe (2011),2011,2011,
18728,BlueCross BlueShield of Georgia Presents:  Iron Man & Habit Heroes (2013),2013,2013,
9318,Breaking Into Comics the Marvel Way! (2010),2010,2010,
14803,Brilliant (2011 - Present),2011,2099,
18337,Bucky Barnes: Winter Soldier (2014 - Present),2014,2099,Rated T+
6667,Bug (1997),1997,1997,
994,Bullet Points (2006 - 2007),2006,2007,T
13587,Bullseye: Perfect Game (2010),2010,2010,
